-- ЗАПОЛНЕНИЕ ТАБЛИЦ ДАННЫЕ
-- Class
INSERT INTO Class (class_id, class_level) VALUES 
(1, N'1 класс'), (2, N'2 класс'), (3, N'3 класс'), (4, N'4 класс'),
(5, N'5 класс'), (6, N'6 класс'), (7, N'7 класс'), (8, N'8 класс'), 
(9, N'9 класс'), (10, N'10 класс'), (11, N'11 класс'), (12, N'Подготовка к школе');

-- Subject
INSERT INTO Subject (subject_id, subject_name) VALUES 
(1, N'Математика'), (2, N'Физика'), (3, N'История'), (4, N'Биология'), 
(5, N'География'), (6, N'Литература'), (7, N'Информатика');

-- Type
INSERT INTO Type (type_id, type_name) VALUES 
(1, N'Учебник'), (2, N'Методическое пособие'), (3, N'Рабочая тетрадь'), (4, N'Атлас');

-- Format
INSERT INTO Format (format_id, format_name) VALUES 
(1, N'A4'), (2, N'A5'), (3, N'60x90/16');

-- Author
INSERT INTO Author (author_id, surname, name, patronymic, email, phone, tax_id) VALUES
(1, N'Иванов', N'Иван', N'Иванович', N'ivanov@mail.ru', N'89001112233', N'111111111111'),
(2, N'Петров', N'Петр', N'Петрович', N'petrov@mail.ru', N'89002223344', N'222222222222'),
(3, N'Сидорова', N'Анна', N'Сергеевна', N'sidorova@mail.ru', N'89003334455', N'333333333333'),
(4, N'Кузнецов', N'Алексей', N'Михайлович', N'kuz@mail.ru', N'89004445566', N'444444444444'),
(5, N'Смирнова', N'Елена', N'Юрьевна', N'smirnova@mail.ru', N'89005556677', N'555555555555');

-- Contract
INSERT INTO Contract (contract_id, signing_date, valid_until, amount, author_id) VALUES
(1, '2023-01-10', '2024-01-10', 50000.00, 1),
(2, '2023-02-15', '2024-02-15', 75000.00, 2),
(3, '2023-03-20', '2024-03-20', 30000.00, 3),
(4, '2023-04-05', '2024-04-05', 45000.00, 4),
(5, '2023-05-12', '2024-05-12', 60000.00, 5),
(6, '2023-06-01', '2024-06-01', 55000.00, 1),
(7, '2023-07-10', '2024-07-10', 40000.00, 2);

-- Publication
INSERT INTO Publication (publication_id, title, isbn, contract_id, type_id, subject_id, class_id) VALUES
(1, N'Алгебра 7', N'978-5-1', 1, 1, 1, 7), 
(2, N'Физика 8', N'978-5-2', 2, 1, 2, 8),
(3, N'История РФ', N'978-5-3', 3, 1, 3, 9), 
(4, N'Биология 5', N'978-5-4', 4, 2, 4, 5),
(5, N'География 6', N'978-5-5', 5, 2, 5, 6),
(6, N'Математика 1', N'978-5-6', 6, 3, 1, 1),
(7, N'Информатика 9', N'978-5-7', 7, 1, 7, 9), 
(8, N'История 11', N'978-5-8', 1, 1, 3, 11),
(9, N'Физика 7', N'978-5-9', 2, 2, 2, 7), 
(10, N'Атлас 5', N'978-5-0', 3, 4, 5, 5);

-- Expertise
INSERT INTO Expertise (expertise_id, date, result, valid_until, stage_id) VALUES
(1, '2023-02-10', N'Успешно', '2025-02-10', 1),
(2, '2023-03-10', N'Успешно', '2025-03-10', 4),
(3, '2023-04-10', N'Не пройдено', '2024-04-10', 2),
(4, '2023-05-10', N'Успешно', '2025-05-10', 6),
(5, '2023-06-10', N'Успешно', '2025-06-10', 8),
(6, '2023-07-10', N'Успешно', '2025-07-10', 10),
(7, '2023-08-10', N'Успешно', '2025-08-10', 12),
(8, '2023-09-10', N'Успешно', '2025-09-10', 14);

-- PreparationStage 
INSERT INTO PreparationStage (stage_id, stage_name, start_date, [status], publication_id)
VALUES 
(1, N'Редактирование', '2023-01-10', N'Завершено', 1),
(2, N'Корректура', '2023-01-20', N'Завершено', 1),
(3, N'Верстка', '2023-02-01', N'Завершено', 1),
(4, N'Редактирование', '2023-02-10', N'Завершено', 2),
(5, N'Корректура', '2023-02-20', N'Завершено', 2),
(6, N'Верстка', '2023-03-01', N'В работе', 2),
(7, N'Редактирование', '2023-03-05', N'Завершено', 3),
(8, N'Корректура', '2023-03-15', N'Завершено', 3),
(9, N'Верстка', '2023-03-25', N'В работе', 3),
(10, N'Редактирование', '2023-04-01', N'Завершено', 4),
(11, N'Корректура', '2023-04-10', N'В работе', 4),
(12, N'Редактирование', '2023-04-15', N'Завершено', 5),
(13, N'Корректура', '2023-04-25', N'В работе', 5),
(14, N'Редактирование', '2023-05-01', N'Завершено', 6),
(15, N'Корректура', '2023-05-10', N'В работе', 6),
(16, N'Редактирование', '2023-05-15', N'Завершено', 7),
(17, N'Редактирование', '2023-06-01', N'В работе', 8),
(18, N'Редактирование', '2023-06-10', N'В работе', 9),
(19, N'Редактирование', '2023-07-01', N'В работе', 10),
(20, N'Корректура', '2023-07-15', N'Ожидает', 10);
GO

-- PrintRun 
INSERT INTO PrintRun (print_run_id, [year], quantity, format_id, publication_id)
VALUES 
(1, 2023, 1000, 1, 1),
(2, 2023, 2000, 2, 2),
(3, 2023, 1500, 3, 3),
(4, 2023, 3000, 1, 4),
(5, 2023, 1000, 2, 5),
(6, 2023, 5000, 1, 6),
(7, 2023, 2000, 3, 7),
(8, 2023, 1000, 1, 8),
(9, 2023, 1500, 2, 9),
(10, 2023, 4000, 3, 10),
(11, 2024, 1200, 1, 1),
(12, 2024, 2500, 2, 2),
(13, 2024, 800, 3, 3),
(14, 2024, 1500, 1, 4),
(15, 2024, 3500, 2, 5);
GO